epoch,train_loss,train_accuracy,val_loss,val_accuracy,val_macro_f1,learning_rate
1,2.4308000425092215,0.13163265306122449,2.1899447441101074,0.21428571428571427,0.15359416775341755,0.001
2,1.4234758178393045,0.4976190476190476,0.6342689990997314,0.8158730158730159,0.7984582692153058,0.001
3,0.3193905686440111,0.9193877551020408,0.2754919230937958,0.9317460317460318,0.9322332905952555,0.001
4,0.14084286261096496,0.9653061224489796,0.2093447744846344,0.9476190476190476,0.9476895680523025,0.001
5,0.07475767958225037,0.9806122448979592,0.20479711890220642,0.9555555555555556,0.9557451353266072,0.001
6,0.05153276812931409,0.9860544217687075,0.18665626645088196,0.9634920634920635,0.9635055578335399,0.001
7,0.04018711631192642,0.9901360544217687,0.17219507694244385,0.9603174603174603,0.9607831841087179,0.001
8,0.023878663054787787,0.995578231292517,0.19261659681797028,0.9634920634920635,0.9636387747748154,0.001
9,0.01529855794672455,0.9962585034013606,0.16857370734214783,0.9634920634920635,0.9637633766085001,0.001
10,0.030528616746190656,0.992517006802721,0.20112311840057373,0.9587301587301588,0.9587331152813322,0.001
11,0.03801562794591902,0.9897959183673469,0.16511118412017822,0.9666666666666667,0.9666456434574718,0.001
12,0.032611248844943076,0.9908163265306122,0.1861284375190735,0.9476190476190476,0.9476325240641446,0.001
13,0.01336094895124334,0.9982993197278912,0.18768449127674103,0.9682539682539683,0.968424203690569,0.001
14,0.005873752184858432,0.9976190476190476,0.19192354381084442,0.9587301587301588,0.9587257009561844,0.001
15,0.02630715820776793,0.992517006802721,0.1968664675951004,0.9571428571428572,0.9572273628549882,0.001
16,0.018154122651282217,0.9948979591836735,0.29268285632133484,0.9412698412698413,0.9413139143369956,0.001
17,0.029434996737851476,0.9921768707482993,0.2533632516860962,0.953968253968254,0.9547289400337502,0.0005
18,0.007157485245023759,0.9972789115646259,0.199039489030838,0.9634920634920635,0.9636550099905593,0.0005
19,0.0012789962446589503,1.0,0.1822231411933899,0.9682539682539683,0.9684901383408419,0.0005
20,0.0007820461888569503,1.0,0.18440191447734833,0.9666666666666667,0.9668593515300109,0.0005
21,0.0009001758056502713,1.0,0.17676357924938202,0.9682539682539683,0.9684334354111139,0.00025
22,0.0006656909105684735,1.0,0.1782824993133545,0.9714285714285714,0.9716960302553225,0.00025
23,0.000690000368120643,1.0,0.1788502335548401,0.9714285714285714,0.9716816077331117,0.00025
24,0.000756461232612353,1.0,0.1799308806657791,0.9714285714285714,0.9716124382557881,0.00025
25,0.0007201028080200966,1.0,0.17913320660591125,0.9714285714285714,0.9715689067968527,0.00025
26,0.0006825296892103466,1.0,0.17851825058460236,0.973015873015873,0.9731832618837539,0.00025
27,0.0007253781052109893,1.0,0.1781700700521469,0.973015873015873,0.9731394993286545,0.00025
28,0.0008143433612030075,1.0,0.18007825314998627,0.9714285714285714,0.971554664764842,0.00025
29,0.0007886614093357431,1.0,0.17897935211658478,0.973015873015873,0.9731544738719308,0.00025
30,0.0008328991875584637,1.0,0.18089139461517334,0.9714285714285714,0.9715553725838357,0.000125
31,0.0007588462931813584,1.0,0.1802568882703781,0.973015873015873,0.973153766052937,0.000125
32,0.0006923925603754172,1.0,0.18112391233444214,0.973015873015873,0.9731669206611072,0.000125
33,0.0007763403334787914,1.0,0.18234924972057343,0.973015873015873,0.9731544738719308,0.000125
34,0.0007598907272188867,1.0,0.18276101350784302,0.973015873015873,0.9731544738719308,6.25e-05
35,0.0007612251861537268,1.0,0.1833750456571579,0.973015873015873,0.9731544738719308,6.25e-05
36,0.0007046577464440698,1.0,0.18346939980983734,0.973015873015873,0.9731544738719308,6.25e-05
