epoch,train_loss,train_accuracy,val_loss,val_accuracy,val_macro_f1,seconds
1,2.4633488872424274,0.12278911564625851,2.381631599153791,0.20793650793650795,0.1365508886674871,16.28999520803336
2,2.3320598154651875,0.204421768707483,2.2200560138339087,0.26825396825396824,0.21607383986084097,13.16941295802826
3,2.1804248287564234,0.25544217687074827,2.082373465432061,0.31746031746031744,0.28575844464535377,12.834445042011794
4,2.0510892300378707,0.32108843537414966,1.9815524279125154,0.35555555555555557,0.3283228670121482,12.954712041013408
5,1.9457665891063456,0.37551020408163266,1.8615536144801548,0.4222222222222222,0.40288550206335566,12.941541042004246
6,1.844088171777271,0.4,1.7890242697700622,0.4380952380952381,0.42390683931264,12.90819620800903
7,1.754176222548193,0.42653061224489797,1.6948384353092738,0.44285714285714284,0.4180485764338235,12.773158666037489
8,1.6916465240270913,0.45714285714285713,1.6305683067866734,0.48412698412698413,0.46738990877076064,12.711042999988422
9,1.6193462774056155,0.4816326530612245,1.5677208688524034,0.49682539682539684,0.4707013485771279,12.901348375016823
10,1.572259099467271,0.5027210884353741,1.5378456849900504,0.5238095238095238,0.511338133821846,12.879816707980353
11,1.5201973289048591,0.5108843537414965,1.4763849345464555,0.5317460317460317,0.5088378131632437,13.565717999998014
12,1.4778329091818154,0.5261904761904762,1.4394637516566686,0.5555555555555556,0.5433626544996949,12.81152208399726
13,1.4227546151803465,0.5513605442176871,1.4078379778634935,0.5666666666666667,0.5464561068925738,12.940940999949817
14,1.3991508587688004,0.5506802721088435,1.3801619223185948,0.5761904761904761,0.5611972715523845,12.834512542001903
15,1.3706253093927085,0.5738095238095238,1.3442965151771666,0.6063492063492063,0.5963822879855997,12.664145500049926
16,1.3408457425175881,0.5727891156462585,1.3255585099023486,0.5968253968253968,0.5891593410140304,13.264333416998852
17,1.3001037106222035,0.5972789115646259,1.285956555321103,0.6063492063492063,0.5904172486135053,13.187829333008267
18,1.2685714914685204,0.6136054421768707,1.2539447038892715,0.6349206349206349,0.6310469182413635,13.147482624975964
19,1.2379101028247756,0.6142857142857143,1.2486545869282313,0.626984126984127,0.623204341757707,13.17713541595731
20,1.2022648443170145,0.6221088435374149,1.221560567901248,0.6190476190476191,0.6183181756482279,12.71027983300155
21,1.1900726125353858,0.6333333333333333,1.2020452590215773,0.6492063492063492,0.6439587690164266,12.94366520800395
22,1.168846582393257,0.6404761904761904,1.1710671852505397,0.6587301587301587,0.6570267453420366,13.178490750025958
23,1.1395961536031192,0.6517006802721088,1.15340455675882,0.6476190476190476,0.6379220775560459,13.057087749999482
24,1.1282959673680415,0.6527210884353741,1.1575105511952961,0.6555555555555556,0.6557672756520123,12.80538716603769
25,1.1057065371753407,0.6517006802721088,1.1522409681289916,0.6698412698412698,0.6668088673007581,12.822032083000522
26,1.0806248750816396,0.6639455782312925,1.0849125710744707,0.6888888888888889,0.6834654856590668,12.798693041026127
27,1.0702539078232383,0.6819727891156463,1.0858064273047068,0.6952380952380952,0.6899367327302125,12.87718633399345
28,1.032444987978254,0.6748299319727891,1.0751357808945672,0.680952380952381,0.6787363083831734,13.97052187495865
29,0.9890934520027265,0.7061224489795919,1.0551366893071976,0.692063492063492,0.6929275435661397,12.795508167007938
30,1.0044596477430694,0.6945578231292517,1.0383480238536047,0.7031746031746032,0.6986025887728563,12.664858874981292
