split,Swahili_word,n
test,hapana,52
test,kumi,53
test,mbili,52
test,moja,53
test,nane,53
test,ndio,52
test,nne,53
test,saba,53
test,sita,52
test,tano,52
test,tatu,52
test,tisa,53
train,hapana,245
train,kumi,245
train,mbili,245
train,moja,245
train,nane,245
train,ndio,245
train,nne,245
train,saba,245
train,sita,245
train,tano,245
train,tatu,245
train,tisa,245
validation,hapana,53
validation,kumi,52
validation,mbili,53
validation,moja,52
validation,nane,52
validation,ndio,53
validation,nne,52
validation,saba,52
validation,sita,53
validation,tano,53
validation,tatu,53
validation,tisa,52
