section,key,value,detail
class_count,hapana,350,no
class_count,kumi,350,ten
class_count,mbili,350,two
class_count,moja,350,one
class_count,nane,350,eight
class_count,ndio,350,yes
class_count,nne,350,four
class_count,saba,350,seven
class_count,sita,350,six
class_count,tano,350,five
class_count,tatu,350,three
class_count,tisa,350,nine
check,train_rows,4200,
check,train_duplicate_word_ids,0,
check,train_duplicate_complete_rows,0,
check,train_classes_equal,True,
check,translation_consistent_per_swahili,True,
check,test_rows,1800,
check,test_duplicate_word_ids,0,
check,train_test_id_overlap,0,
check,submission_rows,1800,
check,submission_ids_match_test,True,
check,submission_class_count,12,
check,submission_classes_match_train,True,
check,zip_members,6000,
check,zip_compressed_file_size_bytes,530658415,
check,train_ids_missing_from_zip,0,
check,test_ids_missing_from_zip,0,
check,zip_members_not_in_train_or_test,0,
check,speaker_identifier_present,False,
