Swahili_word,English_translation,n,duration_min,duration_median,duration_mean,duration_max
hapana,no,350,2.64,4.4,4.914285714285715,62.08
kumi,ten,350,2.48,4.28,4.840594285714286,62.208
mbili,two,350,2.72,4.24,4.900937142857143,62.208
moja,one,350,2.64,4.24,4.9199085714285715,62.08
nane,eight,350,2.48,4.352,5.005851428571429,62.24
ndio,yes,350,2.56,4.24,4.749165714285715,62.08
nne,four,350,2.64,4.24,4.691611428571429,61.952
saba,seven,350,2.64,4.32,4.667291428571429,29.312
sita,six,350,2.8,4.32,4.856411428571429,62.08
tano,five,350,2.72,4.24,4.720045714285715,41.856
tatu,three,350,2.56,4.32,4.785325714285714,27.6
tisa,nine,350,2.8,4.4,4.7472,25.36
