scope,threshold_seconds,n_clips,percentage
labeled_pool,5,1074,25.571428571428573
labeled_pool,6,471,11.214285714285714
labeled_pool,8,160,3.8095238095238093
labeled_pool,10,64,1.5238095238095237
labeled_pool,15,30,0.7142857142857143
labeled_pool,20,21,0.5
labeled_pool,30,13,0.30952380952380953
labeled_pool,60,9,0.21428571428571427
shared_train_split,5,766,26.05442176870748
shared_train_split,6,331,11.258503401360544
shared_train_split,8,104,3.5374149659863945
shared_train_split,10,37,1.2585034013605443
shared_train_split,15,16,0.54421768707483
shared_train_split,20,10,0.3401360544217687
shared_train_split,30,6,0.20408163265306123
shared_train_split,60,5,0.17006802721088435
