Swahili_word,English_translation,n,duration_min,duration_mean,duration_median,duration_max,duration_std_ddof1,n_ge_5s,n_ge_6s,n_ge_8s,n_ge_10s,n_ge_15s,n_ge_20s,n_ge_30s,n_ge_60s
hapana,no,350,2.64,4.914285714285715,4.4,62.08,3.383391667121584,106,46,14,6,2,1,1,1
kumi,ten,350,2.48,4.840594285714285,4.28,62.208,3.6285005437447286,78,44,14,8,3,2,1,1
mbili,two,350,2.72,4.900937142857143,4.24,62.208,4.1791443704890225,83,45,16,7,3,2,2,1
moja,one,350,2.64,4.9199085714285715,4.24,62.08,4.032627184455419,91,33,15,5,4,3,2,1
nane,eight,350,2.48,5.005851428571429,4.352,62.24,4.854250724695534,95,34,11,5,3,3,3,2
ndio,yes,350,2.56,4.749165714285715,4.24,62.08,3.4769924907142107,86,33,11,4,3,2,1,1
nne,four,350,2.64,4.691611428571429,4.24,61.952,3.3637603919800996,83,34,10,5,1,1,1,1
saba,seven,350,2.64,4.667291428571429,4.32,29.312,1.8291793330082602,86,36,13,2,1,1,0,0
sita,six,350,2.8,4.856411428571429,4.32,62.08,3.376589230733706,95,49,16,5,1,1,1,1
tano,five,350,2.72,4.720045714285715,4.24,41.856,2.722156973460953,89,40,11,4,2,2,1,0
tatu,three,350,2.56,4.785325714285714,4.32,27.6,2.2487597198367766,88,38,15,8,5,2,0,0
tisa,nine,350,2.8,4.7472,4.4,25.36,1.8631305570945287,94,39,14,5,2,1,0,0
