scope,window_name,window_source,window_seconds,n_clips,n_shorter,n_equal,n_longer,percentage_shorter_needs_padding,percentage_equal,percentage_longer_needs_truncation,percentage_of_total_duration_retained_if_truncated,mean_padding_seconds_among_shorter,mean_truncated_seconds_among_longer
labeled_pool,4s,round,4.0,4200,1395,155,2650,33.214285714285715,3.6904761904761907,63.095238095238095,79.8592947336368,0.4622566308243728,1.537497358490566
labeled_pool,5s,round,5.0,4200,3126,0,1074,74.42857142857143,0.0,25.571428571428573,88.72119555975625,0.9763685220729367,2.1244394785847303
labeled_pool,6s,round,6.0,4200,3729,16,455,88.78571428571429,0.38095238095238093,10.833333333333334,92.22633062969365,1.7546409224993298,3.456210989010989
labeled_pool,8s,round,8.0,4200,4040,12,148,96.19047619047619,0.2857142857142857,3.5238095238095237,94.87117835717311,3.566340594059406,7.010378378378377
labeled_pool,labeled_pool_p50,empirical_percentile,4.32,4200,2064,133,2003,49.142857142857146,3.166666666666667,47.69047619047619,83.64172753481053,0.592868217054264,1.6521218172740888
labeled_pool,labeled_pool_p75,empirical_percentile,5.04,4200,3126,69,1005,74.42857142857143,1.6428571428571428,23.92857142857143,88.93355848285081,1.0163685220729366,2.227550248756219
labeled_pool,labeled_pool_p90,empirical_percentile,6.16,4200,3775,26,399,89.88095238095238,0.6190476190476191,9.5,92.57402054027976,1.892641059602649,3.76501253132832
labeled_pool,labeled_pool_p95,empirical_percentile,7.299199999999983,4200,3990,0,210,95.0,0.0,5.0,94.22902767836311,2.9059047619047447,5.559238095238113
labeled_pool,labeled_pool_p99,empirical_percentile,11.844000000000086,4200,4158,0,42,99.0,0.0,1.0,96.32533050710055,7.277212121212208,17.69923809523801
shared_train_split,4s,round,4.0,2940,970,111,1859,32.99319727891156,3.7755102040816326,63.2312925170068,80.76062921183876,0.47262680412371144,1.4482711135018829
shared_train_split,5s,round,5.0,2940,2174,0,766,73.94557823129252,0.0,26.05442176870748,89.74935343201261,0.984625574977001,1.872668407310705
shared_train_split,6s,round,6.0,2940,2609,12,319,88.74149659863946,0.40816326530612246,10.850340136054422,93.36979115453833,1.7531376006132617,2.9085391849529785
shared_train_split,8s,round,8.0,2940,2836,8,96,96.4625850340136,0.27210884353741494,3.2653061224489797,96.01174455590898,3.5557912552891398,5.813666666666666
shared_train_split,shared_train_split_p50,empirical_percentile,4.32,2940,1450,90,1400,49.31972789115646,3.061224489795918,47.61904761904761,84.58481302694432,0.5959282758620693,1.5408457142857142
shared_train_split,shared_train_split_p75,empirical_percentile,5.04,2940,2174,49,717,73.94557823129252,1.6666666666666667,24.387755102040817,89.96830616337645,1.024625574977001,1.957913528591353
shared_train_split,shared_train_split_p90,empirical_percentile,6.16,2940,2641,15,284,89.82993197278911,0.5102040816326531,9.659863945578232,93.72263090857952,1.89131389625142,3.09312676056338
shared_train_split,shared_train_split_p95,empirical_percentile,7.28,2940,2792,4,144,94.96598639455782,0.13605442176870747,4.8979591836734695,95.36551957540321,2.8860515759312326,4.503777777777778
shared_train_split,shared_train_split_p99,empirical_percentile,10.88,2940,2909,2,29,98.94557823129252,0.06802721088435373,0.9863945578231291,97.09210192335397,6.325280165005158,14.032
